Level 1 Description,Level 2 Description,Level 3 Description
SHIP GENERAL,Ship General,Ship General
SHIP GENERAL,Vessel Certification,Special Survey
SHIP GENERAL,Consumable Items,Miscellaneous Consumable Items
HULL,Hull,Hull
HULL,Tanks,"Cofferdams, Voids and Misc Tanks"
HULL,Tanks,Engine Room Tanks
HULL,Tanks,Cargo And Ballast Tanks
HULL,Accomodation Block,Accomodation Block
HULL,Accomodation Block,Doors And Windows
HULL,Accomodation Block,Internal Fixtures And Fittings
HULL,Hull Outfitting,External Handrails And Ladders
HULL,Hull Outfitting,Hull Fittings
HULL,Hull Outfitting,External Lifting Equipment
HULL,Hull Outfitting,Funnel Space
HULL,Material Protection - External,Material Protection - External
HULL,Sea Water System - Antifouling,Sea Water System - Antifouling
EQUIPMENT FOR CARGO,Discharging Systems,Discharging Systems
EQUIPMENT FOR CARGO,Gas/Vent Systems - Cargo Holds & Tanks,Vent/Gas Freeing Systems
EQUIPMENT FOR CARGO,Gas/Vent Systems - Cargo Holds & Tanks,Cargo System Protection Devices
EQUIPMENT FOR CARGO,Gas/Vent Systems - Cargo Holds & Tanks,Inert Gas Systems
EQUIPMENT FOR CARGO,Auxiliary Systems & Equipments - Cargo,Cargo System Instrumentation
EQUIPMENT FOR CARGO,Auxiliary Systems & Equipments - Cargo,Cooling Water Systems For Cargo Eq.
SHIP EQUIPMENT,Manoeuvring Equipment,Rudder
SHIP EQUIPMENT,Manoeuvring Equipment,"Rudder Carriers, Stocks, Bearings"
SHIP EQUIPMENT,Manoeuvring Equipment,Steering Gear
SHIP EQUIPMENT,Manoeuvring Equipment,Thruster
SHIP EQUIPMENT,Navigation Equipment,Radar Plants
SHIP EQUIPMENT,Navigation Equipment,Positioning Data Equipment
SHIP EQUIPMENT,Navigation Equipment,"Gyro Plants, Autopilots, Compasses"
SHIP EQUIPMENT,Navigation Equipment,Echo Sounder And Logs
SHIP EQUIPMENT,Navigation Equipment,Trim And Load Indicators
SHIP EQUIPMENT,Navigation Equipment,Misc Nautical Equipment
SHIP EQUIPMENT,Navigation Equipment,Masts
SHIP EQUIPMENT,Navigation Equipment,Integrated Navigation Systems
SHIP EQUIPMENT,Communication Equipment,Mf/Hf Inc Gmdss
SHIP EQUIPMENT,Communication Equipment,Lifeboat Communication Equipment
SHIP EQUIPMENT,Communication Equipment,External Communication/ Sat Comms
SHIP EQUIPMENT,Communication Equipment,Vhf/Uhf Telephones
SHIP EQUIPMENT,Communication Equipment,Internal Communication Systems
SHIP EQUIPMENT,Communication Equipment,"Light, Sound & Signal Equipment"
SHIP EQUIPMENT,"Anchoring, Mooring & Towing Equipment",Anchors And Chains
SHIP EQUIPMENT,"Anchoring, Mooring & Towing Equipment",Windlasses And Winches
SHIP EQUIPMENT,"Anchoring, Mooring & Towing Equipment",Fixed Mooring Equipment
SHIP EQUIPMENT,"Anchoring, Mooring & Towing Equipment",Towing Equipment
SHIP EQUIPMENT,Workshop Equipment,E/R Tools And Welding Equipment
SHIP EQUIPMENT,Workshop Equipment,Portable Tools And Equipment
SHIP EQUIPMENT,Workshop Equipment,Painting Equipment
SHIP EQUIPMENT,Workshop Equipment,Cleaning Plant/ Equipment
SHIP EQUIPMENT,Workshop Equipment,Garbage Disposal Plants/ Incinerators
SHIP EQUIPMENT,Lifting and Trasnport Equipment,Lifting Equipement - Machinery Spaces
SHIP EQUIPMENT,Special Equipement,Condition Monitoring Equipment
SHIP EQUIPMENT,Special Equipement,Vibration Cancelling Equipment
SHIP EQUIPMENT,Special Equipement,Citadel
SHIP EQUIPMENT,Special Equipement,Environmental Protection Equipment
EQUIPMENT FOR CREW AND PASSANGERS,"Lifesaving, Protection and Medical Equip",Safety Training 
EQUIPMENT FOR CREW AND PASSANGERS,"Lifesaving, Protection and Medical Equip",Lifeboat and Equipment
EQUIPMENT FOR CREW AND PASSANGERS,"Lifesaving, Protection and Medical Equip",Liferafts and Equipment
EQUIPMENT FOR CREW AND PASSANGERS,"Lifesaving, Protection and Medical Equip","Lifesaving, safety and Emergency Equipment"
EQUIPMENT FOR CREW AND PASSANGERS,"Lifesaving, Protection and Medical Equip",Medical Equipment
EQUIPMENT FOR CREW AND PASSANGERS,Sports / Entertainment Equipment,Sports / Entertainment Equipment
EQUIPMENT FOR CREW AND PASSANGERS,"Galley/Pantry Equipment,Prov Plants,Laundry",Galley Equipment
EQUIPMENT FOR CREW AND PASSANGERS,"Galley/Pantry Equipment,Prov Plants,Laundry",Freezing /Refrige Systems - Provision
EQUIPMENT FOR CREW AND PASSANGERS,"Galley/Pantry Equipment,Prov Plants,Laundry","Lundry ,Ironing & drying Equipement"
EQUIPMENT FOR CREW AND PASSANGERS,Transport Equipement -Crew & Prov,Personal Lifts
EQUIPMENT FOR CREW AND PASSANGERS,Transport Equipement -Crew & Prov,Helipad and associated Equipement
EQUIPMENT FOR CREW AND PASSANGERS,"Ventilation,AC & heating System",AC system
EQUIPMENT FOR CREW AND PASSANGERS,"Ventilation,AC & heating System",fans - machinery Spaces
EQUIPMENT FOR CREW AND PASSANGERS,"Ventilation,AC & heating System",Fans - Other Spaces
EQUIPMENT FOR CREW AND PASSANGERS,Fresh water & Sanitary System,Fresh water Supply system
EQUIPMENT FOR CREW AND PASSANGERS,Fresh water & Sanitary System,sanitary system
EQUIPMENT FOR CREW AND PASSANGERS,Fresh water & Sanitary System,Bathroom fixtures & fittings
MACHINARY MAIN COMPONENTS,Diesel Engine for Propulsion,Diesel Engine for Propulsion
MACHINARY MAIN COMPONENTS,Shafting & Propellers,Hydraulic Coupling
MACHINARY MAIN COMPONENTS,Shafting & Propellers,Shafting & Propellers
MACHINARY MAIN COMPONENTS,"Boilers ,Steam & Gas Generators",Auxiliary Boilers
MACHINARY MAIN COMPONENTS,"Boilers ,Steam & Gas Generators",Exhaust Boilers
MACHINARY MAIN COMPONENTS,Main Electricity Power Production,Diesel Generators 
MACHINARY MAIN COMPONENTS,other Generators ,other Generators 
SYSTEM FOR MACHINARY MAIN COMPONENTS ,Fuel System,Fuel General
SYSTEM FOR MACHINARY MAIN COMPONENTS ,Fuel System,Fuel Oil Transfer system
SYSTEM FOR MACHINARY MAIN COMPONENTS ,Fuel System,Fuel Oil Purification system
SYSTEM FOR MACHINARY MAIN COMPONENTS ,Fuel System,Fuel Oil Supply system
SYSTEM FOR MACHINARY MAIN COMPONENTS ,Fuel System,Fuel Oil Gas system
SYSTEM FOR MACHINARY MAIN COMPONENTS ,Lube Oil System,Lube Oil General
SYSTEM FOR MACHINARY MAIN COMPONENTS ,Lube Oil System,Lube Oil Transfer system
SYSTEM FOR MACHINARY MAIN COMPONENTS ,Lube Oil System,Lube Oil Purification system
SYSTEM FOR MACHINARY MAIN COMPONENTS ,Lube Oil System,Lube Oil System - Propulsion Machinery
SYSTEM FOR MACHINARY MAIN COMPONENTS ,Cooling System,Sea Water Cooling System
SYSTEM FOR MACHINARY MAIN COMPONENTS ,Cooling System,Fresh Water Cooling System
SYSTEM FOR MACHINARY MAIN COMPONENTS ,Compessed Air System,Starting Air System 
SYSTEM FOR MACHINARY MAIN COMPONENTS ,Compessed Air System,Low Pressure system
SYSTEM FOR MACHINARY MAIN COMPONENTS ,Compessed Air System,Nitrogen Generation System
SYSTEM FOR MACHINARY MAIN COMPONENTS ,Exhaust system,Exhaust Gas system
SYSTEM FOR MACHINARY MAIN COMPONENTS ,"Steam, condensate & Feed Water Pumps",Chemical Dosing System
SYSTEM FOR MACHINARY MAIN COMPONENTS ,"Steam, condensate & Feed Water Pumps",Steam System
SYSTEM FOR MACHINARY MAIN COMPONENTS ,"Steam, condensate & Feed Water Pumps",Condensate System
SYSTEM FOR MACHINARY MAIN COMPONENTS ,"Steam, condensate & Feed Water Pumps",Feed Water System
SYSTEM FOR MACHINARY MAIN COMPONENTS ,Fresh water Production,Fresh water Production
SYSTEM FOR MACHINARY MAIN COMPONENTS ,Automation System,Integrated automation System (ias)
SYSTEM FOR MACHINARY MAIN COMPONENTS ,Automation System,Automation Equipement - ALARM System
SYSTEM FOR MACHINARY MAIN COMPONENTS ,Automation System,Automation Equipement - Propulsion System
SYSTEM FOR MACHINARY MAIN COMPONENTS ,Automation System,Automation Equipement - BoilerSystem
SYSTEM FOR MACHINARY MAIN COMPONENTS ,Automation System,Power Generation
SYSTEM FOR MACHINARY MAIN COMPONENTS ,Automation System,Control Values
SYSTEM FOR MACHINARY MAIN COMPONENTS ,Automation System,Automation Equipement - Other machinery
SHIP COMMON SYSTEMS,Ballast / Bilge System,Ballast  System
SHIP COMMON SYSTEMS,Ballast / Bilge System,Bilge System
SHIP COMMON SYSTEMS,Ballast / Bilge System,Condensate Drain System
SHIP COMMON SYSTEMS,Fire / Lifeboat Alarm / & Fire Fighting,Loose Firefighting Equipement & Clothing
SHIP COMMON SYSTEMS,Fire / Lifeboat Alarm / & Fire Fighting,"Fire detect ,Fire & Lifeboat Alarm System"
SHIP COMMON SYSTEMS,Fire / Lifeboat Alarm / & Fire Fighting,Emergency Shutdown System
SHIP COMMON SYSTEMS,Fire / Lifeboat Alarm / & Fire Fighting,Fire/ W.Down/Sprinkler System & Em Fire Pump
SHIP COMMON SYSTEMS,Fire / Lifeboat Alarm / & Fire Fighting,Fire Fighting System -CO2
SHIP COMMON SYSTEMS,Fire / Lifeboat Alarm / & Fire Fighting,Fire Fighting System - Foam
SHIP COMMON SYSTEMS,Fire / Lifeboat Alarm / & Fire Fighting,Fire Fighting System -Dry Powder
SHIP COMMON SYSTEMS,IT Computer System,Surveilance Equipement 
SHIP COMMON SYSTEMS,IT Computer System,Common Computer System
SHIP COMMON SYSTEMS,Electornic Power Supply,Auto Voltage Regulators ( A.V.R)
SHIP COMMON SYSTEMS,Electornic Power Supply,Transformers
SHIP COMMON SYSTEMS,Electornic Power Supply,Batteries & Chargers
SHIP COMMON SYSTEMS,Electornic Power Supply,Rectifiers & Converters
SHIP COMMON SYSTEMS,Electornic Power Supply,Shore Supply System
SHIP COMMON SYSTEMS,Common Electronic Disstribution System,Common Electronic Disstribution System
SHIP COMMON SYSTEMS,Common Electronic Disstribution System,Switchboards
SHIP COMMON SYSTEMS,Common Electronic Disstribution System,Emergency Switchboards
SHIP COMMON SYSTEMS,Common Electronic Disstribution System,Starters
SHIP COMMON SYSTEMS,Common Electronic Disstribution System,Distribution Panels & Boards
SHIP COMMON SYSTEMS,Electric Cable installation,Electric Cable installation
SHIP COMMON SYSTEMS,Lightning,Lightning - Machinery Spaces
SHIP COMMON SYSTEMS,Lightning,Lightning - Accomodation 
SHIP COMMON SYSTEMS,Lightning,Lightning - Deck
SHIP COMMON SYSTEMS,Lightning,Emergency Lightning
SHIP COMMON SYSTEMS,Lightning,Electric Motors
CONSUMABLES,CONSUMABLES,Lubricants
CONSUMABLES,CONSUMABLES,Paints
CONSUMABLES,CONSUMABLES,Chemicals 
CONSUMABLES,CONSUMABLES,Medicine
CONSUMABLES,CONSUMABLES,Safety
CONSUMABLES,LOOSE LIFTING EQUIPEMENT ,LOOSE LIFTING EQUIPEMENT 